,en_name,cn_name,link
1,Afeng,F.L.T,guangzhou05/afeng.htm
2,Ajia,阿茄,guangzhou05/ajia.htm
3,Alou/Lao Guoxian,勞國賢,guangzhou00/laoguoxian.htm
4,Ceng Jiazhi,銀色内里,guangzhou00/cengjiazhi.htm
5,Chen Lulin,陳怒霖,guangzhou00/chenlulin.htm
6,Double Fish,朱劍輝,guangzhou00/zhujianhui.htm
7,Feng Ben,馮奔,guangzhou00/fengben.htm
8,Fengzi,風子,guangzhou05/fengzi.htm
9,GIL,GIL,guangzhou00/gil.htm
10,Huang Yubin,黄宇斌,guangzhou00/huangyubin.htm
11,Laowei,老尾,guangzhou00/wei.htm
12,Liang Yongsheng,梁永生,guangzhou00/liangyongsheng.htm
13,Liao Sashen,廖颯深,guangzhou00/liaosashen.htm
14,Liu Jiaqing,劉嘉慶,guangzhou00/liujiaqing.htm
15,Liuzhezhenren,異度使者,guangzhou05/liuzhezhenren.htm
16,Li Wenliang,鑽石岩,guangzhou05/liwenliang.htm
17,Li Xiang,游離,guangzhou00/lixiang.htm
18,Ma Tiao,馬条,guangzhou00/matiao.htm
19,Merry,MERRY,guangzhou00/merry.htm
20,Ray,RAY,guangzhou00/ray.htm
21,Rongzhenren,南方路52號,guangzhou05/rongzhenren.htm
22,Shengzi,勝子,guangzhou05/shengzi.htm
23,Simao,四毛,guangzhou00/simao.htm
24,"U.T/Unequal
        Treaty/Bupingdengtiaoyue",U.T/不平等条約,guangzhou05/ut.htm
25,Wang Hao,王浩,guangzhou05/wanghao.htm
26,Ye Honggang,葉宏鋼,guangzhou05/yehonggang.htm
27,Yelang,夜郎,guangzhou00/yelang.htm
28,y0u0u0y,y0u0u0y,guangzhou00/y0u0u0y.htm
29,Yu Lin,郁林,guangzhou05/yulin.htm
30,Zhang Hui,張揮,guangzhou00/zhanghui.htm
31,Zhao Peng,趙鵬,guangzhou00/zhaopeng.htm
32,Zhong jianbin,鐘建斌,guangzhou00/abin.htm
33,ABNM,ABNM,guangzhou05/abnm.htm
34,Acne/Anchuang,Wishmaster,guangzhou00/anchuang.htm
35,Aircall,AIRCALL,guangzhou00/aircall.htm
36,A.kU.rO,A.kU.rO,guangzhou05/akuro.htm
37,All You Ji,All You 極,guangzhou05/allyouji.htm
38,Ami/Mudi,目的,guangzhou00/mudi.htm
39,Angel-x,ANGEL-X,guangzhou00/angelx.htm
40,Alaiyeshi,阿莱耶什,guangzhou00/alaiyeshi.htm
41,Asa,ASA,guangzhou05/asa.htm
42,A4,A4,guangzhou05/a4.htm
43,A.S.K.Nvzi,A.S.K.女子,guangzhou05/ask.htm
44,At Fault,At Fault,guangzhou00/atfault.htm
45,Axing yu Paidangmen,阿興與排[才當]們,guangzhou05/axypdm.htm
46,Azure Forest,AZURE FOREST,guangzhou05/azureforest.htm
47,Baby Crew/BBK/Beibeiku,背背袴,guangzhou05/beibeiku.htm
48,Bad Idea,Bad Idea,guangzhou05/badidea.htm
49,Bad News/Huaixiaoxi,BAD NEWS/懐消息,guangzhou05/badnews.htm
50,8hao,8號,guangzhou05/8hao.htm
51,B&G,B&G,guangzhou00/bg.htm
52,Bali,巴黎,guangzhou05/bali.htm
53,Banlu,斑鹿,guangzhou05/banlu.htm
54,Baopomashalati,爆破馬沙拉剔,guangzhou05/bpmslt.htm
55,Barve,BARVE,guangzhou00/barve.htm
56,B.C,B.C,guangzhou05/bc.htm
57,BCMAN,BCMAN,guangzhou05/bcman.htm
58,Be Careful,BE CAREFUL,guangzhou00/becareful.htm
59,BFM,BFM,guangzhou05/bfm.htm
60,Big Bad,BIG BAD,guangzhou05/bigbad.htm
61,Big Bus,BIG BUS,guangzhou09/bigbus.htm
62,Big white family/Dabaisheng,大白聖,guangzhou09/dabaisheng.htm
63,Bingdian,冰點,guangzhou05/bingdian.htm
64,Binglan,冰藍,guangzhou00/binglan.htm
65,BLack&White/Heibai,黒白,guangzhou05/heibai.htm
66,Blue/Lan,藍/BLUE,guangzhou05/blue.htm
67,"Bloody
        Butterfly/Xuehudie",血蝴蝶,guangzhou05/xuehudie.htm
68,Blue Kids,BLUE KIDS,guangzhou05/bluekids.htm
69,BMW,漂,guangzhou05/bmw.htm
70,bolixie,玻璃鞋,guangzhou05/bolixie.htm
71,B-one/Fuyiceng,負一層,guangzhou05/fuyiceng.htm
72,Boom/Zhadan,炸彈,guangzhou00/zhadan.htm
73,Brave,BRAVE,guangzhou00/brave.htm
74,Broken Picks,Broken Picks,guangzhou05/brokenpicks.htm
75,Bronze Mirror/Tongjing,銅鏡,guangzhou00/tongjing.htm
76,Buguize,不規則,guangzhou05/buguize.htm
77,Bulaike・Huaite,布莱克・懐特,guangzhou05/bulaikehuaite.htm
78,Burnmark,BURNMARK,guangzhou00/burnmark.htm
79,"Bye Hormone/Zaijian
        hermeng",再見荷爾蒙,guangzhou05/zjhem.htm
80,Car head Light/Chetoudeng,車頭燈,guangzhou00/chetoudeng.htm
81,Cavesluts/Xuejuguafu,穴居蕩婦,guangzhou00/xuejudangfu.htm
82,C.Fyouling,C.F幽靈,guangzhou05/cfyouling.htm
83,Chaiqi,拆旗,guangzhou00/chaiqi.htm
84,Changcheng,長城,guangzhou00/changcheng.htm
85,Chijinjiufan,吃緊舊飯,guangzhou00/chijinjiufan.htm
86,Choke,CHOKE,guangzhou00/choke.htm
87,Chuanxing,穿行,guangzhou00/chuanxing.htm
88,Chunqiu,春秋,guangzhou00/chunqiu.htm
89,"Class
        Sunflower/Xiangrikuiban",向日葵班,guangzhou05/xiangrikuiban.htm
90,C leyuan,C樂園,guangzhou05/cleyuan.htm
91,Clown,Clown,guangzhou00/clown.htm
92,Comet,COMET,guangzhou05/comet.htm
93,Comlex,N95,guangzhou00/n95.htm
94,Conglin,叢林,guangzhou00/conglin.htm
95,Contral,CONTRAL,guangzhou05/contral.htm
96,CO2,CO2,guangzhou00/co2.htm
97,Corner Soul,CORNER SOUL,guangzhou05/cornersoul.htm
98,Cos,COS,guangzhou05/cos.htm
99,Country Guy,COUNTRY GUY,guangzhou05/countryguy.htm
100,Country Man,COUNTRY MAN,guangzhou05/countryman.htm
101,Course,COURSE,guangzhou05/course.htm
102,CQ2,CQ2,guangzhou05/cq2.htm
103,Crazy Kingdom,CRAZY KINGDOM,guangzhou05/crazykingdom.htm
104,Crazy Stranger,CRAZY STRANGER,guangzhou05/crazystranger.htm
105,Crazy-X,CRAZY-X,guangzhou05/crazyx.htm
106,Creep,CREEP,guangzhou05/creep.htm
107,Cross,CROSS,guangzhou05/cross.htm
108,Cryze,CRYZE,guangzhou05/cryze.htm
109,CT,CT,guangzhou00/ct.htm
110,Cuotuo,蹉[足它],guangzhou09/cuotuo.htm
111,Cuttooth,CUTTOOTH,guangzhou00/cuttooth.htm
112,Cycle,CYCLE,guangzhou05/cycle.htm
113,Dadianjisiqi,打點計死器,guangzhou05/ddjsq.htm
114,Dai Wah@Mui/DaHua@Mei,大話@梅,guangzhou00/dahuamei.htm
115,D&K,D&K,guangzhou05/dk.htm
116,Damianzi,大面子,guangzhou05/damianzi.htm
117,Dangtuqiang,［才當］土墻,guangzhou00/dangtuqiang.htm
118,Dauphin Hotel,Dauphin Hotel,guangzhou00/dauphinhotel.htm
119,Da baizi,打擺子,guangzhou05/dabaizi.htm
120,Danianchuwu,大年初五,guangzhou05/danianchu5.htm
121,Dark Ages/Heianshidai,黒暗時代,guangzhou05/darkages.htm
122,Dead Flowers/Ganhua,幹花,guangzhou00/ganhua.htm
123,Deadmemory/Fuxiujiyi,腐朽記憶,guangzhou05/fuxiujiyi.htm
124,Delay 35 mins,DELAY 35 MINS,guangzhou05/delay35mins.htm
125,Demiyady,Demiyady,guangzhou05/demiyady.htm
126,Desert/Shamo,沙漠,guangzhou00/shamo.htm
127,Detail,DETAIL,guangzhou05/detail.htm
128,Devil-may-care,Devil-may-care,guangzhou05/devilmaycare.htm
129,D Flow,D FLOW,guangzhou00/dflow.htm
130,Dierfendui,TEAM BRAVO/爆竹,guangzhou00/teambravo.htm
131,Dierzhiye,TWO,guangzhou00/two.htm
132,Dihuo,地火,guangzhou05/dihuo.htm
133,Dim7,DIM7,guangzhou05/dim7.htm
134,Dipingxian,地平綫,guangzhou00/dipingxian.htm
135,Disankeshi,勞火/FEN FIRE,guangzhou00/fenfire.htm
136,D35,D35,guangzhou05/d35.htm
137,Dishuichuanshi,滴水穿石,guangzhou00/dscs.htm
138,DissecteD,DissecteD,guangzhou05/dissected.htm
139,Di5fantang,第5飯堂,guangzhou05/di5fantang.htm
140,Dixiashi,地下室,guangzhou00/dixiashi.htm
141,Dizhen,重感冒,guangzhou00/zhongganmao.htm
142,Dolphin Hotel,Dolphin Hotel,guangzhou05/dolphinhotel.htm
143,Dongdongdongdongdong,東[小董]棟凍冬,guangzhou05/ddddd.htm
144,Doremi/123,123,guangzhou05/123.htm
145,DownTown Monks,DownTown Monks,guangzhou05/dtm.htm
146,Downtown project,DOWNTOWN PROJECT,guangzhou05/dtp.htm
147,Dream,DREAM,guangzhou05/dream.htm
148,Duanceng,FALLEN,guangzhou00/fallen.htm
149,Duli,獨立,guangzhou05/duli.htm
150,Echo Park,ECHO PARK,guangzhou05/echopark.htm
151,E-Psyche,E-PSYCHE,guangzhou05/epsyche.htm
152,EQ/Junheng,均衡,guangzhou05/eq.htm
153,Er bi Yi,2比1,guangzhou05/2bi1.htm
154,Erguotou,二鍋頭,guangzhou05/2guotou.htm
155,Erhaoditie,二號地鐵,guangzhou00/erhaoditie.htm
156,Erode The Foot/Shizu,蝕足,guangzhou05/shizu.htm
157,Erodibility/Shi,蝕,guangzhou05/shi.htm
158,21ke,21克,guangzhou05/21ke.htm
159,24,24,guangzhou05/24.htm
160,Evilmare/Zuiyan,罪魘,guangzhou05/zuiyan.htm
161,Evo,EVO,guangzhou05/evo.htm
162,Eyoung,EYOUNG,guangzhou00/eyoung.htm
163,Faith army,Faith Army,guangzhou00/faitharmy.htm
164,Fanshu,番薯,guangzhou00/fanshu.htm
165,Fang yu yuan,方與圓,guangzhou00/fangyuyuan.htm
166,Fanxingziji,反省自己,guangzhou05/fanxingziji.htm
167,Fat B,FAT B,guangzhou00/fatb.htm
168,Fear Forest,FEAR FOREST,guangzhou05/fearforest.htm
169,Feite,飛特,guangzhou05/feite.htm
170,Feiteng,沸騰,guangzhou05/feiteng.htm
171,Fengbao,風暴,guangzhou00/fengbao.htm
172,Fengchen,風塵,guangzhou00/fengchen.htm
173,Fengxi,縫隙,guangzhou00/fengxi.htm
174,Fengyun,風雲,guangzhou05/fengyun.htm
175,Fillha,Fillha,guangzhou00/fillha.htm
176,Filling,FILLING,guangzhou00/filling.htm
177,Fiman,FIMAN,guangzhou05/fiman.htm
178,Find,FIND,guangzhou05/find.htm
179,Fireland,FIRELAND,guangzhou00/fireland.htm
180,Fire Panda/Huoxiong,FIRE PANDA/火熊,guangzhou05/firepanda.htm
181,FK,FK,guangzhou00/fk.htm
182,FK4,FK4,guangzhou05/fk4.htm
183,Focus/Jiaodian,焦點,guangzhou00/jiaodian.htm
184,Fomayan/Huomaren,火麻仁,guangzhou05/huomaren.htm
185,Fordream,FORDREAM,guangzhou05/fordream.htm
186,Freedom/Ziyou,自由,guangzhou00/ziyou.htm
187,Fuck Killer,FUCK KILLER,guangzhou05/fuckkiller.htm
188,"Full Metal
        Jacket/Quanjinshu",全金屬外殻,guangzhou00/quanjinshuwaike.htm
189,Gaoyadian,高壓電,guangzhou00/gaoyadian.htm
190,Garage/Cheku,車庫,guangzhou00/cheku.htm
191,G-Battery,G-Battery,guangzhou05/gbattery.htm
192,Genyuan,根源,guangzhou00/genyuan.htm
193,G for Girls,G for Girls,guangzhou05/gforgirls.htm
194,Golden Cage,GOLDEN CAGE,guangzhou00/goldencage.htm
195,Gongzai,公仔,guangzhou00/gongzai.htm
196,Gray,GRAY,guangzhou05/gray.htm
197,Greentea Latte,GREENTEA LATTE,guangzhou05/greentealatte.htm
198,Guanchen,觀塵,guangzhou05/guanchen.htm
199,Guangdarenmin,廣大人民,guangzhou05/gdrm.htm
200,Guangzhouzhizao,廣州制造,guangzhou00/gzzz.htm
201,Gubu,古歩,guangzhou00/gubu.htm
202,Guijie,鬼節,guangzhou05/guijie.htm
203,Gumeng519,蠱朦519,guangzhou05/gumeng519.htm
204,Guor,果兒,guangzhou05/guor.htm
205,Guorzidan@Pick Up,果兒子彈@Pick Up,guangzhou05/guorpickup.htm
206,Haizhishui,康巍,guangzhou05/kangwei.htm
207,Haorizi,好日子,guangzhou00/haorizi.htm
208,Harser,HARSER,guangzhou00/harser.htm
209,Hay,Hay,guangzhou05/hay.htm
210,Heaven taker,Heaven taker,guangzhou05/heaventaker.htm
211,Heibaijian,黒白鍵,guangzhou05/heibaijian.htm
212,Hexagram,HEXAGRAM,guangzhou05/hexagram.htm
213,Hey Guys,HEY GUYS,guangzhou05/heyguys.htm
214,Hit Soul,HIT SOUL,guangzhou05/hitsoul.htm
215,Hit The Plane,Hit The Plane,guangzhou09/hittheplane.htm
216,Hollandbean/Helandou,荷蘭豆,guangzhou00/hollandbean.htm
217,Hong,虹,guangzhou00/hong.htm
218,Houlang,後浪,guangzhou05/houlang.htm
219,Hongyan,紅眼,guangzhou00/hongyan.htm
220,Horror of Pestilence,Horror of Pestilence,guangzhou05/hop.htm
221,Html,銹,guangzhou05/xiu.htm
222,Huaizhuyi,壊主意,guangzhou05/huaizhiyi.htm
223,Huangquan,黄泉,guangzhou05/huangquan.htm
224,Huanongsuannai,華農酸[女乃],guangzhou05/hnsn.htm
225,Huazhetongzhi,画者同志,guangzhou05/huazhetongzhi.htm
226,Hudie,蝴蝶,guangzhou05/hudie.htm
227,Huiboli,灰玻璃,guangzhou05/huiboli.htm
228,Huihuo,回火,guangzhou00/huihuo.htm
229,Huluxiongdi,葫蘆兄弟,guangzhou05/huluxiongdi.htm
230,Hunheti,混合體,guangzhou05/hunheti.htm
231,Hunningtu,混凝土,guangzhou00/hunningtu.htm
232,Hunxuejian,混血劍,guangzhou05/hunxuejian.htm
233,Huochetou,火車頭,guangzhou05/huochetou.htm
234,Hyper Axis,HYPER AXIS,guangzhou05/hyperaxis.htm
235,Hyper Rabbit,HYPER RABBIT,guangzhou05/hyperrabbit.htm
236,I M I,I M I,guangzhou00/imi.htm
237,Illbody/Daijunzhe,帯菌者,guangzhou00/daijunzhe.htm
238,Infinity Prayer,Infinity Prayer,guangzhou09/infinityprayer.htm
239,Ing,ING,guangzhou00/ing.htm
240,Isebella,ISEBELLA,guangzhou05/isebella.htm
241,IT,IT,guangzhou00/it.htm
242,Jambo,JAMBO,guangzhou05/jambo.htm
243,JC,JC,guangzhou00/jc.htm
244,Jean,JEAN,guangzhou05/jean.htm
245,Jfc,JFC,guangzhou05/jfc.htm
246,Jian,技安,guangzhou00/jian.htm
247,Jianhang,建行,guangzhou05/jianhang.htm
248,Jianghe ST,江河ST,guangzhou05/jianghest.htm
249,Jianrenfang,賤人坊,guangzhou05/jianrenfang.htm
250,Jianzhi,兼職,guangzhou05/jianzhi.htm
251,Jiazi,甲子,guangzhou00/jiazi.htm
252,Jifa,磯法,guangzhou05/jifa.htm
253,Jiheti,几何體,guangzhou05/jiheti.htm
254,Jingtangmu,驚堂木,guangzhou00/jingtangmu.htm
255,Jiusegui,酒色鬼,guangzhou05/jiusegui.htm
256,Jiuyueqi,舊樂器,guangzhou05/jiuyueqi.htm
257,Jiuyuexintu,九月信徒,guangzhou05/9yuexintu.htm
258,Jixuhouba,繼續吼［ﾛ巴］,guangzhou05/jixuhouba.htm
259,Jizaibing,鶏仔餅,guangzhou00/jizaibing.htm
260,Jizhou,極晝,guangzhou05/jizhou.htm
261,Joinus,JOINUS,guangzhou05/joinus.htm
262,Juedi,絶地,guangzhou00/juedi.htm
263,Jueyuanti,絶縁體,guangzhou05/jueyuanti.htm
264,Junjie,俊傑,guangzhou05/junjie.htm
265,Jus,JUS,guangzhou05/jus.htm
266,Khaki,KHAKI,guangzhou05/khaki.htm
267,Kinght,KINGHT,guangzhou05/kinght.htm
268,KK,KK,guangzhou05/kk.htm
269,Kongjian,空間,guangzhou00/kongjian.htm
270,Konglongdan,恐龍蛋,guangzhou05/konglongdan.htm
271,Kuailemoshao,快樂末梢,guangzhou00/kuailemoshao.htm
272,Kuangluanfenzi,狂亂分子,guangzhou00/kuangluanfenzi.htm
273,Kuangshier,狂十兒,guangzhou00/kuangshier.htm
274,Kuku,KUKU,guangzhou05/kuku.htm
275,Kuozhang,擴張,guangzhou00/kuozhang.htm
276,Kuweimumian,枯萎木綿,guangzhou05/kuweimumian.htm
277,L.A.80,L.A.80,guangzhou00/la80.htm
278,Lable5,LABLE5,guangzhou05/lable5.htm
279,LaDoLa,LaDoLa,guangzhou05/ladola.htm
280,Lamp,LAMP,guangzhou00/lamp.htm
281,Lamp-house,LAMP-HOUSE,guangzhou05/lamphouse.htm
282,L&D/L and D,L&D,guangzhou05/ld.htm
283,Langmannitouche,浪漫泥頭車,guangzhou05/lmntc.htm
284,Lanjue,藍爵,guangzhou05/lanjue.htm
285,Lanmeng,SKY,guangzhou05/sky.htm
286,Lanyu,藍*羽,guangzhou00/lanyu.htm
287,Laofoye,老佛爺,guangzhou05/laofoye.htm
288,Large5,Large5,guangzhou05/large5.htm
289,Larva,Larva,guangzhou05/larva.htm
290,Lasdawn,Lasdawn,guangzhou05/lasdawn.htm
291,Latchkey children,LATCHKEY CHILDREN,guangzhou05/latchkeychildren.htm
292,Lazy Cat,LAZY CAT,guangzhou00/lazycat.htm
293,L.C,L.C,guangzhou05/lc.htm
294,Leida,雷達,guangzhou05/leida.htm
295,Lian Yuwei+701,701,guangzhou05/701.htm
296,Liefeng,裂縫,guangzhou00/liefeng.htm
297,Lingjuli,零距離,guangzhou05/lingjuli.htm
298,Lingqijiuqi/0797,0797,guangzhou00/0797.htm
299,Liudaomu,六道母,guangzhou05/liudaomu.htm
300,Liulanghai,流浪孩,guangzhou09/liulanghai.htm
301,606/Liulingliu,606,guangzhou05/606.htm
302,loading,LOADING,guangzhou00/loading.htm
303,Lollipop,Lollipop,guangzhou09/lollipop.htm
304,Louxiahoumen,樓下後門,guangzhou00/louxiahoumen.htm
305,Luocha,羅刹,guangzhou05/luocha.htm
306,Lvt,LYT,guangzhou05/lyt.htm
307,Lvtaijie,緑臺階,guangzhou05/lvtaijie.htm
308,Lvyezi,緑葉[米子],guangzhou05/lvyezi.htm
309,Maker,MAKER,guangzhou05/maker.htm
310,M&L,M&L,guangzhou05/ml.htm
311,Mangren,忙人,guangzhou05/mangren.htm
312,Mantuoluo,曼佗羅,guangzhou05/mantuoluo.htm
313,Matrix/Juzhen,矩陣,guangzhou00/juzhen.htm
314,Max,MAX,guangzhou00/max.htm
315,Maxituan,馬戯團,guangzhou05/maxituan.htm
316,Mday,MDAY,guangzhou05/mday.htm
317,Mean Waves,MEAN WAVES,guangzhou05/meanwaves.htm
318,Memory,Memory,guangzhou00/memory.htm
319,Mengxiang,夢想,guangzhou00/mengxiang.htm
320,Mi,迷,guangzhou05/mi.htm
321,Mie,滅,guangzhou00/mie.htm
322,Miehuoqi,滅火器,guangzhou00/miehuoqi.htm
323,Mihuan,迷幻,guangzhou05/mihuan.htm
324,MIM,MIM,guangzhou05/mim.htm
325,Mingyao,冥窰,guangzhou05/mingyao.htm
326,Mishi,迷失,guangzhou05/mishi.htm
327,Mistake,SOHA,guangzhou05/soha.htm
328,Mixer,MIXER,guangzhou05/mixer.htm
329,Mixian,迷弦,guangzhou05/mixian.htm
330,M9,M9,guangzhou05/m9.htm
331,Monster KaR/Jiubuqian,舊部前,guangzhou05/jiubuqian.htm
332,Mooning,Mooning,guangzhou05/mooning.htm
333,Moor,Moor,guangzhou05/moor.htm
334,Morning,MORNING,guangzhou05/morning.htm
335,Munaiyi,木乃伊,guangzhou00/munaiyi.htm
336,Na,納,guangzhou05/na.htm
337,Nanman,南蠻,guangzhou00/nanman.htm
338,Narcissus/Shuixian,水仙,guangzhou00/shuixian.htm
339,nature,nature,guangzhou00/nature.htm
340,New Color,NEW COLOR,guangzhou05/newcolor.htm
341,Ni,逆,guangzhou05/ni.htm
342,Nightfish,NIGHTFISH,guangzhou05/nightfish.htm
343,Ningmeng,檸檬,guangzhou05/ningmeng.htm
344,Nishizhen,逆時針,guangzhou05/nishizhen.htm
345,Nitouche,泥頭車,guangzhou05/nitouche.htm
346,Niu B,牛B,guangzhou00/niub.htm
347,Noble,NOBLE,guangzhou00/noble.htm
348,No Entry,NO ENTRY,guangzhou05/noentry.htm
349,Nothing,Nothing,guangzhou00/nothing.htm
350,No Where,NO WHERE,guangzhou05/nowhere.htm
351,N3,N3,guangzhou05/n3.htm
352,O,O,guangzhou00/o.htm
353,One More More,ONE MORE MORE,guangzhou00/onemoremore.htm
354,One night stand,ONE NIGHT STAND,guangzhou00/onenightstand.htm
355,OT,OT,guangzhou00/ot.htm
356,Overpass,OVERPASS,guangzhou05/overpass.htm
357,Pai,派,guangzhou00/pai.htm
358,Painkiller/Zhentongji,鎭痛剤,guangzhou00/zhentongji.htm
359,Paitoubing,排頭兵,guangzhou00/paitoubing.htm
360,Panda band,Panda band,guangzhou09/pandaband.htm
361,Panki,PANKI,guangzhou05/panki.htm
362,Paomo,泡沫,guangzhou00/paomo.htm
363,Paomoguizu,泡沫貴族,guangzhou05/paomoguizu.htm
364,Peace Gear,PEACE GEAR,guangzhou05/peacegear.htm
365,Peizheng zhongxue,培正中學,guangzhou00/peizhengzhongxue.htm
366,Penta King,Penta King,guangzhou05/pentaking.htm
367,Piao,飄,guangzhou00/piao.htm
368,Piaoling,飄零,guangzhou05/piaoling.htm
369,Piaoliujie,漂流街,guangzhou05/piaoliujie.htm
370,Pimy,PIMY,guangzhou00/pimy.htm
371,Pingliuceng,平流層,guangzhou00/pingliuceng.htm
372,Pinyin,［才并］音,guangzhou00/pinyin.htm
373,Play on the high way,Play on the high way,guangzhou05/pothw.htm
374,P.M.U,TIRAMISU,guangzhou05/tiramisu.htm
375,Post-Friends/Houpengyou,後朋友,guangzhou05/houpengyou.htm
376,Power Milk/Liliangniunai,力量牛[女乃],guangzhou00/powermilk.htm
377,Primary,PRIMARY,guangzhou00/primary.htm
378,Purple kids,PURPLE KIDS,guangzhou05/purplekids.htm
379,Qianmo,阡陌,guangzhou00/qianmo.htm
380,Qianxingzhe,潛行者,guangzhou05/qianxingzhe.htm
381,Qianzhi,千織,guangzhou00/qianzhi.htm
382,Qidian,起點,guangzhou05/qidian.htm
383,Qiefenyin,切分音,guangzhou05/qiefenyin.htm
384,79zhong,79中,guangzhou00/79zhong.htm
385,703,坤吟,guangzhou00/703.htm
386,Qiuqi,求奇,guangzhou05/qiuqi.htm
387,Quannvzi,全女子,guangzhou00/quannvzi.htm
388,Que,缺,guangzhou05/que.htm
389,Quick Time,QUICK TIME,guangzhou05/quicktime.htm
390,Rainbow/Caihong,彩虹,guangzhou00/caihong.htm
391,Reef,REEF,guangzhou05/reef.htm
392,Relic,RELIC,guangzhou09/relic.htm
393,Renpinwenti,人品問題,guangzhou05/renpinwenti.htm
394,Requios,REQUIOS,guangzhou05/requios.htm
395,Ringo,RINGO,guangzhou05/ringo.htm
396,Rise Again,RISE AGAIN,guangzhou05/riseagain.htm
397,Rolling Candy,ROLLING CANDY,guangzhou05/rollingcandy.htm
398,Rosenight,Rosenight,guangzhou05/rosenight.htm
399,RT.S,RT.S,guangzhou05/rts.htm
400,Run Away,大魔王,guangzhou05/damowang.htm
401,Rush,RUSH,guangzhou00/rush.htm
402,S,S,guangzhou05/s.htm
403,3+2,3+2,guangzhou05/3jia2.htm
404,3jie,三界,guangzhou05/3jie.htm
405,Screaming Heart,SCREAMING HEART,guangzhou05/sh.htm
406,Scream of Children,SCREAM OF CHILDREN,guangzhou05/soc.htm
407,Seashell/Haibei,海貝,guangzhou05/haibei.htm
408,Season,SEASON,guangzhou00/season.htm
409,Secret Backyard/Mimihouyuan,秘密後院,guangzhou05/mimihouyuan.htm
410,See you again,SEE YOU AGAIN,guangzhou00/seeyouagain.htm
411,Sense,SENSE,guangzhou05/sense.htm
412,S21,S21,guangzhou00/s21.htm
413,7days/7RI,七日,guangzhou05/7ri.htm
414,Shachongshui,殺蟲水,guangzhou00/shachongshui.htm
415,Shangshenggongyu,上昇公寓,guangzhou05/ssgy.htm
416,Shaofannuomituan,少飯糯米團,guangzhou05/sfnmt.htm
417,Shengshan zhi zi,聖山之子,guangzhou05/sszz.htm
418,Shengyin,聲音,guangzhou05/shengyin.htm
419,Shenhaizuanshi,深海鑽石,guangzhou00/shzs.htm
420,Shenshui,深水,guangzhou05/shenshui.htm
421,Shenshuizhadan,深水炸彈,guangzhou05/shenshuizhadan.htm
422,18,18,guangzhou05/18.htm
423,Shiba・Hong,十八・轟,guangzhou05/18hong.htm
424,Shijiejintou,世界盡頭,guangzhou05/shijiejintou.htm
425,Shijinjiufan,食緊舊飯,guangzhou00/shijinjiufan.htm
426,Shikongmuou,失控木偶,guangzhou05/shikongmuou.htm
427,Shixianggui,石像鬼,guangzhou00/shixianggui.htm
428,11.May,11.MAY,guangzhou05/11may.htm
429,Shizijia,十字架,guangzhou05/shizijia.htm
430,Shizitou,獅子頭,guangzhou05/shizitou.htm
431,Shoujing、CQ2 he Renren,受jing、CQ2和人人,guangzhou05/shoujinghecq2.htm
432,Shouwangyehua de maizi,守望野花的麥子,guangzhou05/swyhdmz.htm
433,Shuicheng,水城,guangzhou00/shuicheng.htm
434,Silence,SILENCE,guangzhou05/silence.htm
435,Sileyuan,私樂園,guangzhou05/sileyuan.htm
436,Sishierdu,42度,guangzhou00/42du.htm
437,Sixiangfanzi,思想販子,guangzhou05/sixiangfanzi.htm
438,Si X shier,4X12,guangzhou05/4x12.htm
439,Slave To Mistery,S.T.M.,guangzhou00/stm.htm
440,Slay,SLAY,guangzhou05/slay.htm
441,Smart,SMART,guangzhou00/smart.htm
442,S-Max,S-MAX,guangzhou05/smax.htm
443,S.M.G.,S.M.G.,guangzhou00/smg.htm
444,Smoketown/Xiaowutang,笑武堂,guangzhou05/xiaowutang.htm
445,Sol,SOL,guangzhou05/sol.htm
446,Songzhou,頌咒,guangzhou05/songzhou.htm
447,SOS,SOS,guangzhou05/sos.htm
448,"South Park/Nanfang
        Gongyuan",南方公園,guangzhou00/nanfanggongyuan.htm
449,Sparke,Sparke,guangzhou05/sparke.htm
450,Speed Crash,SPEED CRASH,guangzhou00/speedcrash.htm
451,Starter,STARTER,guangzhou05/starter.htm
452,Std,STD,guangzhou00/std.htm
453,Ste_Band Chow,STE_BAND CHOW,guangzhou05/stebandchow.htm
454,Street Fight/Xiangzhan,巷戰,guangzhou00/xiangzhan.htm
455,Stork,STORK,guangzhou05/stork.htm
456,Stranger,STRANGER,guangzhou05/stranger.htm
457,Street Rats/,/過街老鼠,guangzhou00/streetrats.htm
458,Su,俗,guangzhou05/su.htm
459,Suck shit,SUCK SHIT,guangzhou00/suckshit.htm
460,Suha,SUHA,guangzhou05/suha.htm
461,Sun,SUN,guangzhou05/sun.htm
462,Sunday,SUNDAY,guangzhou00/sunday.htm
463,Sword-9,SWORD-9,guangzhou05/sword9.htm
464,SYC,SYC,guangzhou05/syc.htm
465,Taipingyang,太平洋,guangzhou00/taipingyang.htm
466,Taiyangbuluo,太陽部落,guangzhou00/taiyangbuluo.htm
467,Tangyao,糖妖,guangzhou05/tangyao.htm
468,Taobing,[六/十]氷,guangzhou05/taobing.htm
469,Tarzan/Taishan,泰山,guangzhou00/taishan.htm
470,Ten,Ten,guangzhou00/ten.htm
471,The deep sea,THE DEEP SEA,guangzhou05/thedeepsea.htm
472,The Expired Yoghurt/Guoqisuannai,過期酸[女乃],guangzhou05/guoqisuannai.htm
473,The Fearfully,The Fearfully,guangzhou05/thefearfully.htm
474,The Shack,THE SHACK,guangzhou05/theshack.htm
475,ThunderF,ThunderF,guangzhou05/thunderf.htm
476,3step/Sanduojiao,三[足朶]脚,guangzhou05/3step.htm
477,Tianshi-X,天使-X,guangzhou00/tianshix.htm
478,Tiantangshizhe,天堂使者,guangzhou05/ttsz.htm
479,Tiemen,鐵門,guangzhou00/tiemen.htm
480,Tieshazhang,鐵沙掌,guangzhou05/tieshazhang.htm
481,Timing,TIMING,guangzhou05/timing.htm
482,Tmchord,TMCHORD,guangzhou05/tmchord.htm
483,Tonghua,童話,guangzhou05/tonghua.htm
484,Tonghuashun,同花順,guangzhou05/tonghuashun.htm
485,Touch,TOUCH,guangzhou05/touch.htm
486,Toucional/Tangqienong,唐茄弄,guangzhou05/tangqienong.htm
487,Trash Talk,Trash Talk,guangzhou05/trashtalk.htm
488,Trouble Diary,TROUBLE DIARY,guangzhou05/troublediary.htm
489,T42,T42,guangzhou05/t42.htm
490,Tufang,屠房,guangzhou05/tufang.htm
491,Tuohuangzhe,拓荒者,guangzhou00/tuohuangzhe.htm
492,u&i,u&i,guangzhou05/uandi.htm
493,Udiao,U調,guangzhou05/udiao.htm
494,Unique,UNIQUE,guangzhou05/unique.htm
495,Unzip,Unzip,guangzhou00/unzip.htm
496,Voice/Fanyin,梵音,guangzhou00/fanyin.htm
497,VR,VR,guangzhou00/vr.htm
498,Wan,WAN,guangzhou05/wan.htm
499,Wanghao&Feichi,王浩&非池,guangzhou05/wanghaofeichi.htm
500,Wanju,玩具,guangzhou05/wanju.htm
501,Wanjuchuanzhang,玩具船長,guangzhou05/wjcz.htm
502,Wayina,原野兄弟,guangzhou05/wayina.htm
503,Wei,微,guangzhou05/wei.htm
504,Winter Time,WINTER TIME,guangzhou05/wintertime.htm
505,World Map,WORLD MAP,guangzhou05/worldmap.htm
506,Wulala,嗚拉拉,guangzhou05/wulala.htm
507,502/Wulinger,502,guangzhou05/502.htm
508,509/Wulingjiu,509,guangzhou05/509.htm
509,5lingyi,5靈異,guangzhou05/5lingyi.htm
510,Wuming,無名,guangzhou05/wuming.htm
511,Wumingzhi,無名指,guangzhou00/wumingzhi.htm
512,Wushenlunzhe,無神論者,guangzhou05/wushenlunzhe.htm
513,519/Wuyijiu,519,guangzhou05/519.htm
514,Wuzhi,無知,guangzhou00/wuzhi.htm
515,Wuzhi,五指,guangzhou05/wuzhi.htm
516,X,X,guangzhou05/x.htm
517,Xia,嚇,guangzhou00/xia.htm
518,Xianshao,弦燒,guangzhou05/xianshao.htm
519,Xianxuan,弦R,guangzhou05/xianxuan.htm
520,Xianzu,仙足,guangzhou05/xianzu.htm
521,Xiaoyu,小雨,guangzhou05/xiaoyu.htm
522,"Xiariwuhoubingxianghuaidiao
        de yanhuangguazi",夏日午後冰箱里壊掉的[日奄]黄瓜子,guangzhou05/xrwhbxlhddyhgz.htm
523,Xingzhe,行者,guangzhou05/xingzhe.htm
524,X-MAN,X-MAN,guangzhou00/xman.htm
525,Xuan,R,guangzhou05/xuan.htm
526,Xuexinggangmen,血腥肛門,guangzhou05/xxgm.htm
527,Xueya,血鴉,guangzhou00/xueya.htm
528,XXX,XXX,guangzhou00/xxx.htm
529,Yanghuawu,yang化物,guangzhou00/yanghuawu.htm
530,Yebo,夜魄,guangzhou00/yebo.htm
531,Yehuo,夜火,guangzhou05/yehuo.htm
532,Yemao,夜猫,guangzhou05/yemao.htm
533,Yeming,夜鳴,guangzhou05/yeming.htm
534,Yeyan,夜魘,guangzhou05/yeyan.htm
535,Yeying,夜鶯,guangzhou05/yeying.htm
536,Yinghuo,ying火,guangzhou05/yinghuo.htm
537,Yingzi,影子,guangzhou00/yingzi.htm
538,Yishang,邑shang,guangzhou05/yishang.htm
539,Yishengliening,醫生列寧,guangzhou05/ysln.htm
540,Yiyao zhongzhuan,醫藥中專,guangzhou00/yiyaozhongzhuan.htm
541,Yiyingaochao,意淫高潮,guangzhou05/yiyingaochao.htm
542,Yiyu,異域,guangzhou00/yiyu.htm
543,Youlechang,游樂場,guangzhou00/youlechang.htm
544,Youzhengbianma,郵政編碼,guangzhou00/yzbm.htm
545,Yuancheng,遠程,guangzhou05/yuancheng.htm
546,Yueliyuan,月離圓,guangzhou05/yueliyuan.htm
547,Yuerenfang,樂人坊,guangzhou05/yuerenfang.htm
548,Yutian,雨天,guangzhou05/yutian.htm
549,Yuwuwu,魚屋屋,guangzhou00/yuwuwu.htm
550,Yvonne/Shiyanhui,拾艶會,guangzhou09/shiyanhui.htm
551,Zero-Degree,ZERO-DEGREE,guangzhou05/zerodegree.htm
552,Zero To Zero/020,020,guangzhou00/020.htm
553,Zhiyou,之游,guangzhou05/zhiyou.htm
554,Zhongda bihu,中大壁虎,guangzhou00/zhongdabihu.htm
555,Zhongyong,中庸,guangzhou05/zhongyong.htm
556,Zip,ZIP,guangzhou00/zip.htm
557,Ziran,自然,guangzhou00/ziran.htm
558,Zitong,紫銅,guangzhou05/zitong.htm
559,Zixie,紫蝎,guangzhou00/zixie.htm
560,Ziyou,自由,guangzhou00/ziyou1999.htm
561,Zombie,Zombie,guangzhou05/zombie.htm
562,Zuihun,罪魂,guangzhou00/zuihun.htm
563,Zuoer,左耳,guangzhou05/zuoer.htm
564,?!,?!,guangzhou00/question.htm
